Feature,Importance
total_donations,1.6049742838622583
frequent_donor,0.9893431566386718
gender,0.492239152403861
age_group,0.16309625739278003
blood_type,0.0930104167019205
hospital,0.009150193174026645
days_since_last,-0.005220873482958936
rare_blood_type,-0.1459801486186095
status,-1.862945578101478
