Blood_Bank,Blood_Type,Model,RMSE,MAE,MAPE,Best_Model
Accident Service,O+,ARIMA,6.733587551457803,6.243980402933569,,LSTM
Accident Service,O+,LSTM,2.0553412479503153,1.5438620827414773,4.901094940051305,LSTM
